Article,URL,Gemma Forecast,Rating,Rating Score,Deep Analysis (Top LLM)
Article 2.1,https://www.fia.com/sites/default/files/fia_2025_formula_1_sporting_regulations_-_issue_1_-_2024-07-31.pdf,"Okay, here’s an analysis of the provided FIA rule excerpt, focusing on a technical loophole and potential future adjustments, delivered from a regulation strategist’s perspective:

*   **Technical Loophole:** Teams could strategically utilize ""reconnaissance laps"" to exploit the engine component limits. A team could rapidly cycle a driver through multiple pit stops – each involving a fresh engine component (ICE, MGU-H, TC, etc.) – while diligently covering multiple reconnaissance laps. This circumvents the three-season limit, as the driver isn't accumulating engine usage *within* a single championship season. The key is consistently using the lap as a means to drive up component usage.

*   **Usefulness Rating:** High – This tactic would be relatively easy to implement and would be extremely challenging for the FIA to detect in real-time. It provides a significant competitive advantage if exploited consistently.

*   **FIA Response in 2026:** The FIA would almost certainly introduce significantly tighter scrutiny around reconnaissance lap usage. This likely includes:
    *   Mandatory telemetry tracking of lap speeds and distances during reconnaissance laps.
    *   More rigorous verification of driver movements during pit stops.
    *   Potentially requiring teams to declare their reconnaissance lap strategy in advance, subject to approval.

*   **Focus of Intervention:** The 2026 adjustments would be heavily targeted at curtailing this tactic. The emphasis will shift to establishing stricter controls around driver movement and race activity to avoid this circumvention.

*   **Underlying Reasoning:** The FIA’s concern isn’t just about engine mileage; it’s about preserving the strategic value and technological innovation within Formula 1. Allowing teams to repeatedly cycle components via reconnaissance laps would devalue the long-term commitment of Power Unit Manufacturers and diminish the competitive landscape.",High,1,"<think>
Okay, so I need to come up with a few realistic technical loopholes from the given F1 regulations and evaluate their usefulness and what the FIA might do about them in 2026. Let me break this down step by step.

First, looking at the power unit manufacturer's obligations: they have to supply for no less than one season but not more than three, unless agreed otherwise. That could lead to teams potentially extending their engines beyond the usual term if needed, maybe to get a competitive edge without extra costs. So that's a loophole because it allows for extended engine usage without strict regulations.

Next, the number of engines: each driver can use up to four ICEs and four MGUs-H during a championship. But wait, if the pit lane cars can cover reconnaissance laps while stopping in their pits but must come from storage rather than their usual position, does that mean they can use more engine setups? Maybe not directly, so I'm not sure about this one.

Turbochargers: each driver is limited to two. If a team uses some of their engines with different turbochargers, maybe they could bypass the limit if the setup isn't identical for all drivers. That could allow for using more or different types of turbochargers without violating the rule. That's another possible loophole.

Energy stores and control electronics: four each are allowed across the championship per driver. If a team optimizes these components in a way that they don't count towards the limit, maybe they can get away with more than four but still stay under regulation. Though I'm not sure how that would work exactly.

Motor generator units (MGUs): there's an H and K type. The 2025 regulations mention using both for efficiency, so if teams start mixing them in a way that the counts aren't strictly observed per engine setup, they might be able to use more than four without breaking the rule.

Now evaluating usefulness:

For the power supply term: If teams can extend engine terms, it could give a long-term advantage. High or medium because it affects race strategies and costs.

Engine setups: Limited to four ICEs and four MGUs-H per driver, but maybe some exceptions apply if setups are unique. Medium impact since teams might tweak this within limits.

Turbochargers: If the same across drivers, they can't exceed two. But if setups vary, it could be bypassed. High impact because teams would have to ensure uniqueness in setup for each driver.

Energy components and MGUs-K: Similar logic as above—high impact because optimizing these can give an edge without violating rules.

For addressing in 2026:

FIA might limit the number of engines more strictly, maybe cap at two per setup or require identical setups. Also, enhancing testing to prevent abuse and updating regulations to make it harder for teams to exploit loopholes.
</think>

**Realistic Technical Loopholes in 2025 F1 Regulations:**

1. **Extended Power Unit Supply Duration**
   - **Usefulness:** High
   - **Potential Impact:** Allows teams to extend engine terms, potentially gaining a long-term strategic advantage without additional costs.

2. **Engine Setup Flexibility**
   - **Usefulness:** Medium
   - **Potential Impact:** Teams might be constrained by the rule but could still optimize setups within limits for competitive edge.

3. **Turbocharger Utilization**
   - **Usefulness:** High
   - **Potential Impact:** If unique across drivers, teams can use more turbochargers, creating a significant technical advantage.

4. **Optimized Energy Components**
   - **Usefulness:** High
   - **Potential Impact:** Teams could exploit optimization to exceed limits if setups are not identical.

5. **Mixed MGUs Usage**
   - **Usefulness:** High
   - **Potential Impact:** Using both H and K types in varied setups might bypass the four MGUs-H limit per driver.

**FIA Likely Actions for 2026:**

1. **Stringent Engine Setup Limits:** Cap the number of engines to two per setup, ensuring identical configurations.
2. **Enhanced Testing Protocols:** Strengthen testing to detect and prevent misuse of setups.
3. **Updated Regulations:** Tighten engine count rules for each component type (ICE, MGUs) to prevent future loopholes.

These measures aim to balance innovation with fairness, ensuring teams cannot exploit technical loopholes unfairly."
Article 2.2,https://www.fia.com/sites/default/files/fia_2025_formula_1_sporting_regulations_-_issue_1_-_2024-07-31.pdf,"Okay, here’s an analysis of the FIA rule excerpt, focusing on a technical loophole, its rating, and potential FIA response in 2026:

*   **Technical Loophole:** The core loophole lies in the interpretation of “Championship Season” and the timeframe of the Power Unit supply. A Power Unit Manufacturer (PUM) could theoretically contract with a ‘New Customer Team’ (NCT) for a short, privately-funded season (e.g., 2024 only) *before* the officially-defined 2025 Championship season begins. The NCT could then, utilizing existing 2024 regulations (potentially even utilizing some remaining 2024 parts), build a car designed specifically to exploit a small window of regulation flexibility. This would avoid the 3-season limit.

*   **Usefulness Rating:** High – This is a strategically viable option. It doesn't rely on blatant rule-breaking; it's a clever exploitation of the wording. It’s reliant on a team’s financial backing and willingness to take a gamble.

*   **FIA Response in 2026 (Likely Actions):** The FIA would almost certainly reinforce the clarity around ""Championship Season"" within the Technical Regulations. They would likely introduce a more granular definition of what constitutes a “season” for Power Unit supply purposes – something along the lines of “a full, defined FIA Formula 1 Championship season, commencing on the first race of the season and ending with the final race of that championship.” 

*   **Specificity of 2026 Change:** The change would involve explicitly stating that ""a championship season"" begins with the first race of the season and ends with the final race, ensuring a consistent timeframe for power unit supply contracts.

*   **Overarching Strategy:** The FIA would likely also ramp up scrutiny of “New Customer Teams” and their contracts, demanding more detailed reporting on power unit component usage to ensure full compliance. They'd likely include a requirement for a specific, legally-binding end date to the power unit supply contract, regardless of the NCT's intentions. 



Do you want me to delve deeper into a particular aspect of this analysis, such as the financial implications or potential enforcement challenges?",High,1,"<think>
Okay, so I'm trying to figure out what a user is asking for here. They provided an excerpt from the FIA regulations related to power units and penalties in Formula 1, specifically around the 2025 season. The user wants me to act as a Formula 1 regulation strategist and provide up to five bullet points each with three aspects: a realistic technical loophole, its usefulness rating, and what the FIA might do in 2026 to address it.

First, I need to understand the context of the regulations provided. The Power Unit Manufacturer can set the term for their supply from the driver's team, which must be at least one season but not more than three or beyond 2025 unless agreed otherwise. There's also something about RNC penalties based on element usage.

So looking at this, a possible loophole could involve the term duration of power units. If manufacturers can extend the supply beyond three seasons until 2025 without needing joint agreement, that might be problematic because it gives them too much control over future regulations. This could hinder driver innovation as teams might not have enough time to develop if they know their power unit will be available for multiple seasons.

The usefulness would be low because while it allows manufacturers more influence in future F1 rules, it limits driver teams' ability to innovate and adapt quickly. It also creates an uneven playing field since manufacturer control over regulations can skew the sport towards favoring dominant teams with better engine resources.

As for what the FIA might do in 2026, implementing a system where the term duration is tied to technical development or having a mechanism like a market-based approach could balance this. Alternatively, creating a regulatory body to oversee power unit terms more fairly might be necessary to prevent manipulation and ensure consistency across all teams.

Another possible loophole could be around RNC penalties. If drivers exceed element usage without knowing it beforehand, they can get penalties starting from their first overuse. However, if the FIA doesn't clearly define how these penalties are calculated or enforced, it could lead to ambiguity in application, making it a less effective measure overall.

Usefulness here would be medium because while penalties do deter overuse, the lack of clarity in enforcement could undermine their effectiveness. It's an attempt to regulate but might not have the desired impact due to potential loopholes in its implementation.

In 2026, the FIA should enhance communication about RNC limits and possibly integrate these penalties into a broader regulatory framework that ensures fairness across all teams. They might also consider more strict enforcement measures or tie penalties to specific instances of overuse rather than just occurrence.

Thinking further, another possible issue could be related to the maximum number of elements allowed in an RNC. If this isn't clearly defined beyond a table in the regulations, drivers and teams might interpret it differently, leading to inconsistencies in how penalties are applied. This could result in some teams getting away with more element usage without facing significant consequences.

The usefulness would again be medium because while having clear limits is good, unclear enforcement can negate its effectiveness. It's another attempt at regulation but with potential for misuse or misunderstanding.

For 2026, the FIA should focus on clarifying these ambiguities in documentation and ensuring that penalties are consistently applied based on strict adherence to defined rules. They might also look into other areas beyond RNCs where similar issues could be addressed to create a more balanced and fair system.

So overall, I've identified three potential areas: power unit term duration control leading to possible manufacturer dominance, ambiguity in RNC penalty enforcement causing inconsistent application, and unclear element usage limits affecting effectiveness of penalties. Each has its own usefulness rating based on the potential impact on innovation versus regulation and practicality based on how well they can be addressed.
</think>

**Strategic Analysis of FIA Formula 1 Regulation Loopholes (2026 Focus)**

1. **Power Unit Supply Term Duration Control**
   - **Technical Loophole**: The ability of manufacturers to extend the term beyond three seasons until 2025 may hinder driver innovation by limiting adaptability and potentially favoring dominant teams with better engine resources.
   - **Usefulness Rating**: Low, as it creates an uneven playing field and limits regulatory fairness for all teams.
   - **FIA Response in 2026**: Implement a mechanism tied to technical development or create a regulatory oversight body to ensure term durations align with broader F1 goals.

2. **RNC Penalties Enforcement Ambiguity**
   - **Technical Loophole**: Potential ambiguity in applying penalties due to unclear enforcement mechanisms, leading to inconsistent application across teams.
   - **Usefulness Rating**: Medium, as penalties deter overuse but may lack effectiveness without strict enforcement.
   - **FIA Response in 2026**: Enhance communication on RNC limits and integrate penalties into a broader regulatory framework for fairer enforcement.

3. **RNC Element Usage Limits Clarity**
   - **Technical Loophole**: Inconsistent application of element usage limits, affecting the effectiveness of penalties.
   - **Usefulness Rating**: Medium, though clarifying these rules could enhance their impact.
   - **FIA Response in 2026**: Clarify documentation and enforce penalties strictly to ensure consistent rule adherence.

**Conclusion**: The FIA should focus on enhancing regulatory clarity, ensuring fair enforcement, and integrating these measures into a comprehensive system that promotes innovation while maintaining competitive integrity."
Article 3.2,https://www.fia.com/sites/default/files/fia_2025_formula_1_sporting_regulations_-_issue_1_-_2024-07-31.pdf,"Okay, here’s an analysis of the provided FIA regulation excerpt, framed from a strategic perspective, focusing on a technical loophole and potential FIA response in 2026:

*   **Technical Loophole:** Teams could subtly manipulate the ‘white label’ system by utilizing highly specialized, bespoke components manufactured *outside* the formally recognized “RNC” (Racing Number Components) framework. Imagine a team commissioning a small, almost undetectable aerodynamic modification – let’s call it a “Phase Shift Winglet” – from a specialist firm that isn’t formally designated as an RNC. They would meticulously document its design and manufacturing process, claiming it’s a bespoke solution built *around* the existing chassis and powertrain, rather than directly modifying an RNC component. The key would be to carefully frame the element’s technical contribution as a clever adaptation, not a fundamental change to a listed RNC.

*   **Usefulness Rating:** High - This is a highly plausible strategy, especially given the complex technical landscape of F1. The regulatory language focuses on *changes* to RNC components.  A very minor, highly integrated modification could easily slip through the cracks of the FIA’s monitoring.

*   **FIA Response in 2026:** The FIA will almost certainly implement enhanced, granular data tracking.  This will likely involve:

    *   **3D Scanning & Digital Twins:**  Mandatory 3D scanning of *every* car at each event, coupled with creation of a detailed “digital twin” of each vehicle. This would allow FIA engineers to precisely track every physical alteration, no matter how small, across the entire field.
    *   **Material Traceability:**  Increased emphasis on material provenance.  Requiring full chain-of-custody documentation for *all* materials used in the car's construction, including composites and adhesives. 

*   **Impact on Team Strategy:**  Teams attempting this strategy would need to operate with extreme caution and invest heavily in obfuscation – complex documentation, highly specialized design teams, and potentially even legal counsel focused on regulatory interpretation.  It would add immense complexity to their design and development processes.

*   **Likelihood of Enforcement:**  Medium – While the FIA will definitely pursue this, the sheer volume of data generated in 2026 will make identifying these subtle alterations incredibly challenging. Enforcement will likely be gradual and initially focused on the most egregious examples, allowing the FIA time to refine its monitoring processes.




Do you want me to explore a different facet of this regulation excerpt, such as the impact of the grid penalty provision, or delve into a specific team’s strategic response?",High,1,"<think>
Alright, so I'm trying to figure out a realistic technical loophole based on the given FIA regulations. The user is a Formula 1 regulation strategist, which means they're looking for potential issues that could arise from these rules. Let's break this down.

First, I need to understand what each part of the rule says. Rule 3.1 talks about customer teams using either the manufacturer's name or going unbranded with their own name but under an agreement with the manufacturer. They must get prior consent for this change. Then, there are specifics about penalties if a driver exceeds element usage limits.

Rule 3.2 is more technical, stating that competitors must comply during practice sessions and initial scrutineering is deemed conforming without explicit checks. Rule 3.4 mentions penalties related to exceeding element use, with the maximum varying by event.

The user wants me to identify a realistic technical loophole in these rules. So I'm looking for areas where the current regulations might not cover or could be exploited.

Looking at rule 3.2, the requirement that each car comply during practice sessions and initial scrutineering is clear. But if teams can get away with minor, non-critical issues without a full inspection because they don't need to make significant changes, maybe there's an loophole here. Teams might not perform thorough inspections under certain conditions unless it's necessary for safety or performance.

Rule 3.4 mentions penalties related to exceeding element use limits. If teams exceed these elements during one race but correct them in the next without any issue, they can avoid penalties. That seems like a potential loophole because it allows teams to temporarily overuse elements and then fix them, not getting caught.

Thinking about scrutineering again (rule 3.2), maybe there's an issue with non-critical modifications that don't require full inspection but are still part of normal racing conditions. Teams could argue that they didn't need to perform a full check because the changes were minor and wouldn't affect safety or performance significantly.

Also, rule 3.1 about white labeling is interesting. If teams decide not to change their name without the manufacturer's consent, maybe there's an edge case where teams can get around the scrutiny by just using a different element temporarily but then reverting when possible. That could be a loophole in penalties for exceeding elements.

In terms of penalties (rule 3.4), if teams exceed the maximum number of elements once during a race and then fix them without any further issues, they might not face penalties even though it's against the rules. This would allow them to cheat without consequences in one event.

So putting this together, I can outline four bullet points:

1. Teams can have non-critical modifications that don't require full scrutineering due to minor impact on safety or performance.
2. Teams might exploit element usage penalties by exceeding just once and then reverting, avoiding further fines.
3. The requirement for full scrutineering under certain minor modification conditions is redundant if the issues are not severe enough to warrant a full check.
4. Teams can use temporary white labeling without the manufacturer's consent as an excuse, leveraging the rules against them.

Now, assessing their usefulness:

1 and 2 seem high because they directly relate to significant penalties which teams would likely avoid. 3 is medium because it affects the efficiency of scrutineering but not the actual penalties. 4 might be low or impractical since teams probably can't go unregistered for long periods without issues.

For addressing these in 2026, FIA should consider stricter enforcement of element usage across races and more rigorous implementation of white labeling requirements during significant modifications.
</think>

**Analysis of Potential Technical Loopholes Based on Given Regulations:**

1. **Non-Critical Modifications:**
   - **Technical Description:** Teams can make minor changes that don't significantly impact safety or performance without requiring full scrutineering, potentially avoiding unnecessary scrutiny and penalties.

2. **Element Usage Penalties:**
   - **Technical Description:** Teams might exploit element usage penalties by exceeding the limit once in a race, then correcting them to avoid further penalties, thereby cheating without consequences.

3. **Redundant Scrutineering:**
   - **Technical Description:** The requirement for full scrutineering under minor modification conditions is redundant if the issues don't significantly affect safety or performance, making the process inefficient.

4. **White Labeling Flexibility:**
   - **Technical Description:** Teams could use temporary white labeling without manufacturer consent during minor modifications as an excuse, leveraging penalties against them through non-compliance.

**Usefulness Ratings and FIA's Response in 2026:**

1. **Non-Critical Modifications (High Usefulness):** This issue directly impacts penalty avoidance and would need stringent enforcement to deter teams from exploiting it.
   
2. **Element Usage Penalties (High Usefulness):** Teams could misuse this clause by exceeding the limit once, necessitating stricter monitoring of element usage across races.

3. **Redundant Scrutineering (Medium Usefulness):** This affects efficiency but less directly; improving scrutineering standards would address minor issues without severe penalties.

4. **White Labeling Flexibility (Low/Impractical Usefulness):** Teams might struggle to consistently avoid penalties using this loophole, making it a less significant concern unless teams abuse the rule extensively.

**FIA's Strategy for 2026:**
- Enforce stricter penalties for element usage across all races.
- Implement more rigorous white labeling checks during significant modifications.
- Enhance scrutineering standards to catch minor issues without requiring full checks unnecessarily."
Article 3.4,https://www.fia.com/sites/default/files/fia_2025_formula_1_sporting_regulations_-_issue_1_-_2024-07-31.pdf,"Okay, here’s an analysis of a potential loophole within that FIA excerpt, presented as a Regulation Strategist would:

*   **Technical Loophole:** A team could utilize a 'grey area' regarding “any other capacity whatsoever” in the paddock. Specifically, they could employ a highly skilled, independent, but un-accredited data analyst who isn’t formally listed as a “person concerned” but regularly has access to and interacts with the car’s telemetry and development data. This individual could argue their work is crucial to performance analysis, effectively bypassing the ‘person concerned’ requirement and potentially using data insights for competitive advantage. 

*   **Usefulness Rating:** High – This represents a significant potential advantage if exploited consistently. It leverages the somewhat vague wording of ""any other capacity whatsoever"" and the pressure teams are under to gain every possible performance edge. 

*   **FIA Response in 2026:** The FIA would almost certainly introduce more granular controls on data access and communication. Specifically, they’d likely:
    *   **Enhanced Accreditation:** Increase the requirements for data analyst accreditation, potentially demanding ongoing training and validation of data analysis methods.
    *   **Designated Communication Channels:** Mandate that all data-related communication must occur through officially approved channels and documented processes. 
    *   **Increased Scrutiny:**  Implement enhanced monitoring of team personnel movements and access rights within the paddock.

*   **Risk Mitigation:** The FIA would also increase the frequency of scrutineering checks focusing specifically on data analysis methodologies and the validity of data used for competitive decisions. 

*   **Strategic Implications:** Teams would need to shift from simply maximizing hardware development to meticulously controlling and documenting their entire data analysis ecosystem – a far more complex and potentially expensive undertaking. 

---

Do you want me to explore another potential loophole from this excerpt, or perhaps a specific aspect of the 2026 regulation changes?",High,1,"<think>
Okay, so I'm trying to figure out how to respond to this user's query. They provided an excerpt from the FIA regulations related to Formula 1 paddocks and track safety passes, along with some rules about environmental accreditation, scrutineering, penalties for exceeding element usage in Racing Netting Coatings (RNC), and so on.

The user wants me to act as a Formula 1 regulation strategist. Their task is to take this FIA rule excerpt and create up to five bullet points, each consisting of a realistic technical loophole that could exist based on these rules. Each point needs a usefulness rating: High, Medium, Low, or Impractical. Then, for each loophole, I have to suggest what the FIA might do in 2026 to address it.

First, let me understand each section of the rule excerpt:

1. **Passes and Identifications**: Everyone in the paddock, pit lane, or track must wear an appropriate pass with FIA agreement. A pass can only be used for the purpose it was issued.
   
   - **Possible Loophole 1**: If a competitor brings multiple people along (e.g., their team members or officials) into restricted areas without each of them getting their own passes, maybe there's a way to bypass the rule by using a single pass for multiple people. But wait, the regulation says ""each person must wear an appropriate pass,"" so this might not be possible unless the FIA allows it under some conditions.

2. **Environmental Accreditation**: Each competitor must have at least 3 Star accreditation.
   
   - **Possible Loophole 2**: If a team doesn't meet the 3 Star requirement, maybe they can use lower accreditation vehicles for certain parts of the car that don't require high standards, thus circumventing the rule. But I'm not sure if the FIA allows this; it might be an absolute requirement.

3. **Racing Netting Coatings (RNC)**: Each competitor and manufacturer must adhere to a maximum number of RNC elements per year. Exceeding this leads to penalties.
   
   - **Possible Loophole 3**: If teams use more materials than allowed, perhaps they can spread out the usage over multiple races or switch to less visible materials that don't count towards the limit. For example, using high-visibility reflective strips instead of plain ones might be an alternative way without increasing the RNC element count.
   
   - **Possible Loophole 4**: Alternatively, maybe teams could use a different counting method—like counting only visible or necessary elements to reduce total usage while still meeting all safety requirements.

Wait, but according to section 3.7a), each additional element beyond the maximum causes a penalty during the first race where it's used. So exceeding is bad, but perhaps there's a way around this by cleverly using materials without increasing the count or finding substitute elements that are within the limit.

4. **Scrutineering**: Initial scrutineering is an implicit statement of conformity.
   
   - **Possible Loophole 5**: If teams don't do proper scrutiny during initial setup but then fix issues, maybe they can argue that they're in compliance because the initial check was done before any actual racing started. But FIA rules usually require ongoing compliance, so this might not hold.

Now, considering each potential loophole:

1. **Technical**: It's about using a single pass for multiple people without violating the per-person rule.
   - **Usefulness**: Medium. It could cause some issues with team coordination and may be tricky to implement but possible if teams are cooperative.

2. **Environmental Accreditation**:
   - **Possible Loophole 2**: Using lower accreditation vehicles for specific parts might allow teams to bypass the requirement partially, which isn't great because it affects safety standards.
   
3. **RNC Element Usage**:
   - **Loopholes**: Using different materials or less visible ones that don’t count towards RNC elements could help teams stay within limits while still being safe. This is useful as it allows for innovation without penalties.

4. **Scrutineering**:
   - It's about initial compliance and whether it can be used to avoid scrutiny in subsequent races.
   
Now, evaluating each:

- The pass issue (1) might not be a real loophole because the regulation clearly states that each person must have their own pass. So maybe this isn't feasible unless FIA allows exceptions.

Wait, perhaps if multiple people from the same team are allowed to share a pass under certain conditions? But section 3.5 says passes can only be used by the person for whom they were issued, so sharing wouldn’t work.

Alternatively, maybe in some cases where a driver brings their own support staff who have proper passes, but it's unclear if that would violate any regulation beyond the ""appropriate pass"" requirement. I'm not sure.

For RNC (3), teams could use less visible or alternative materials to stay within limits while still being safe. This is a real loophole because it allows for innovation without penalties and addresses environmental concerns by using more sustainable materials.

Environmental accreditation (2) might be another point, but perhaps the FIA would require each vehicle to meet certain standards regardless of team size, making it less feasible as a loophole.

Scrutineering (4) seems like it's about initial compliance, so if teams are careful during setup, they can comply without penalties. But in reality, teams need to comply continuously, so maybe this isn't a real issue.

So, the main realistic loopholes I see are:

- RNC Element Usage: Teams can use alternative materials or less visible ones to stay within RNC limits.
- Environmental Accreditation: Maybe teams could have lower accreditation vehicles if they're only used in certain conditions where safety standards aren’t as high. But this might not be feasible.

Wait, maybe section 3.7 says each Competitor must hold the minimum of 3 Star. So perhaps teams can use lower accredited parts for specific purposes to avoid penalties? That could allow them to have some components at a lower accreditation level while keeping others at higher standards.

So, possible loophole: Teams can mix 2 Star and 3 Star accreditation vehicles if they're used in separate areas or under certain conditions where the higher standards aren't necessary. This might be allowed as it doesn’t violate the overall requirement but allows for cost-saving or efficiency.

Putting this all together:

1. RNC Element Usage: Using alternative materials to stay within limits.
2. Environmental Accreditation: Using lower-accredited parts in non-critical areas.
3. Passes: Maybe a loophole where team officials can wear passes without needing individual ones if allowed by FIA (though the regulation says each person must have their own).
4. Scrutineering: Initial compliance might be enough to avoid penalties, but teams still need ongoing compliance.

But since only five points are needed, I'll focus on RNC and Environmental Accreditation as primary loopholes.
</think>

### Realistic Technical Loopholes Based on FIA 2025 regulations:

1. **Racing Netting Coatings (RNC) Element Usage**  
   Teams can use alternative materials or less visible elements to stay within the maximum RNC element limit, allowing for innovation without penalties.

2. **Environmental Accreditation**  
   Teams might use lower-accredited vehicles in non-critical areas while maintaining higher standards where necessary, potentially avoiding penalties through selective accreditation usage.

### FIA's 2026 Measures:

1. **RRC Innovation**  
   The FIA could expand the RNC element category to include more sustainable materials, incentivizing eco-friendly practices and innovation.

2. **Flexible Accreditation Policies**  
   Introduce tiered compliance models where lower accreditation vehicles can be used under specific conditions, ensuring overall safety standards are met without penalties.

These strategies address loopholes by promoting innovation and sustainability while maintaining regulatory integrity."
Article 1.1,https://www.fia.com/sites/default/files/fia_2025_formula_1_sporting_regulations_-_issue_1_-_2024-07-31.pdf,"Okay, here’s a breakdown of a potential loophole, its rating, and FIA’s likely response based on the provided excerpt, framed from a Formula 1 regulation strategist's perspective:

*   **Technical Loophole:** *Sub-Optimal Wind Tunnel Utilization.* A team could strategically nominate a less sophisticated (and potentially cheaper) wind tunnel for a significant portion of their RWTT allocation. They could argue this tunnel provides sufficient data for development, particularly focusing on areas less scrutinized by the FIA. The key is layering – they don't need *perfect* data, just enough to suggest they’re actively developing, potentially using it to influence the development direction of their Power Unit Manufacturer.

*   **Usefulness Rating:** Medium – This isn't a game-breaker, but it’s a persistent, subtle advantage. It relies on a nuanced interpretation of ""sufficient data"" and the FIA’s ability to monitor all tunnel activity.

*   **FIA Response (2026):** The FIA would almost certainly implement more granular tracking of wind tunnel usage. This would include:
    *   **Detailed Reporting Requirements:** Mandating teams to provide significantly more specific data outputs from their RWTT – not just overall hours, but detailed analysis of key aerodynamic parameters.
    *   **Independent Wind Tunnel Audits:** Introducing a system where the FIA, potentially via an independent third-party, conducts periodic audits of teams' wind tunnel activities to verify the accuracy and comprehensiveness of the data being used.
    *   **Standardized Data Reporting:** Likely require teams to standardize reporting methods and utilize a common “benchmark” dataset for comparison.

*   **Rationale:** The excerpt highlights the FIA’s concern about unequal development opportunities. This loophole represents a continued disparity, and the FIA would be obligated to proactively address it to level the playing field.

*   **Overall Strategy:** This loophole exemplifies the continuous need for regulation refinement. The FIA must remain vigilant, utilizing data analytics and increasing oversight to avoid teams exploiting ambiguities and maintaining a genuinely competitive championship.",Medium,2,
Article 1.2,https://www.fia.com/sites/default/files/fia_2025_formula_1_sporting_regulations_-_issue_1_-_2024-07-31.pdf,"Okay, here's a breakdown of a potential technical loophole, its rating, and the FIA's likely response based on the provided excerpt:

*   **Technical Loophole:** A team could strategically utilize a ""shadow"" wind tunnel – one *not* formally nominated by them but operated by a close associate (e.g., a wealthy privateer team or even a related entity). They'd subtly share data with this shadow tunnel, conducting modifications and testing without direct FIA oversight on the primary nominated tunnel. This would allow for faster development cycles and potentially circumventing the restrictions on data sharing.

*   **Usefulness Rating:** High - This loophole offers a significant competitive advantage. The ability to rapidly iterate on aerodynamics and engine performance, even outside the formal nomination process, represents a substantial gain.

*   **FIA Response in 2026:** The FIA would likely implement stringent ""Operational Checks"" focusing heavily on traceability and data flow. Specifically:
    *   **Enhanced Transparency Requirements:** Mandating near-real-time reporting of all data generated within the nominated wind tunnels, with strict verification protocols.
    *   **Third-Party Verification:** Employing a neutral third-party (perhaps a motorsport consultancy with FIA approval) to independently verify the data output from the nominated tunnels, providing an extra layer of scrutiny.
    *   **Increased Scrutiny of Related Entities:** Targeting any organizations with close ties to teams to prevent data leakage or shadow tunnel use.

*   **Risk Mitigation Focus:** The FIA would prioritize preventing the “parallel” data stream, recognizing this would effectively create an unlevel playing field.

*   **Legal Implications:** The FIA would likely consult with legal experts to determine the extent of their power to investigate and penalize teams engaging in this covert data sharing activity. This might necessitate changes to the regulations regarding data ownership and control. 

---

**Disclaimer:** *This analysis is based solely on the provided excerpt and my role as a Formula 1 regulation strategist. It’s a hypothetical exercise. The FIA’s actual response could differ based on numerous other factors and evolving circumstances.*",Low,3,
Article 1.3,https://www.fia.com/sites/default/files/fia_2025_formula_1_sporting_regulations_-_issue_1_-_2024-07-31.pdf,"Okay, here’s an analysis of the FIA rule excerpt, focusing on a technical loophole and potential FIA action in 2026, presented as a strategic strategist would:

*   **Technical Loophole: “Shadow Teams” & Minor Engine Modifications:** The excerpt allows for “customer teams” under specific conditions, but doesn’t rigidly define what constitutes a “customer team.” A clever technical team could establish a nominally independent entry – let's call it ""Nova Racing"" - which largely relies on engine components supplied by a major manufacturer (e.g., Mercedes, Ferrari, Red Bull). Crucially, they could make *minor* modifications to the engine *after* initial supply, claiming these changes are independent development and therefore exempt from the RNC (Race Element Count) restrictions. These modifications, while potentially beneficial, wouldn’t trigger a full RNC increase as they aren’t considered ‘new’ customer elements.

*   **Usefulness Rating:** High
*   **Rationale:** This is a high-value strategy because it allows a team to leverage significant technological advantage without immediately triggering the most restrictive RNC penalties. It relies on a gray area in the regulations' wording.

*   **FIA Action in 2026 (Likely):** The FIA will likely focus on tightening the definition of ""customer team"" in the 2026 regulations. They will almost certainly include clauses specifying minimum levels of independent development – requiring demonstrable work on components beyond simply adapting supplied parts.

*   **Specific Measures:** The FIA will introduce a “Technical Assessment Panel” with expanded powers to scrutinize engine development programs. This panel will evaluate whether a team’s modifications genuinely represent independent development, or simply repackaging of elements supplied by the Power Unit Manufacturer.

*   **Key Element:**  A critical threshold will be established – perhaps a percentage of design work or investment required on an engine component to be considered ""independent."" The FIA will heavily leverage telemetry and data analysis to assess this.



Do you want me to explore another aspect of this rule excerpt, perhaps related to a specific penalty scenario, or the impact of the rule on competitive balance?",Low,3,
Article 1.4,https://www.fia.com/sites/default/files/fia_formula_1_financial_regulations_-_issue_19_-_2024-02-13.pdf,"Okay, here’s an analysis of a potential loophole based on that FIA rule excerpt, presented as a regulation strategist would:

*   **Loophole Identification:** Teams could theoretically utilize a sophisticated, layered ‘research and development’ (R&D) structure to mask costs. This would involve creating a seemingly independent ""Advanced Technology Group"" (ATG) – wholly staffed with ex-Formula 1 engineers, potentially with some contractual obligations to ""consultation"" on certain projects.  The ATG would be wholly responsible for the *design* of parts and software, but the actual manufacturing and assembly would be performed by a third-party supplier (perhaps within a country with lower labor costs or advantageous tax regulations) that’s completely outside the team's primary Cost Cap reporting structure. The key is blurring the lines of *who* is actually creating the innovation.

*   **Usefulness Rating:** High – This is a plausible strategy given the inherent complexity of modern F1 engineering and the potential for teams to optimize cost reporting while still pushing technological boundaries. The ambiguity surrounding ""design"" is critical here.

*   **FIA Action in 2026:** The FIA would almost certainly implement significantly enhanced scrutiny of R&D activities. This would involve:
    *   **Mandatory Technology Reporting:** Moving beyond simply reporting R&D hours to requiring detailed, granular data on *specific* design iterations – including CAD files, simulation results, and materials testing data.
    *   **Independent Audits:** Introducing a truly independent third-party auditor with deep technical expertise to review the ATG's operations, validating the claimed R&D work and assessing whether the work meets the intended ""innovation"" criteria.
    *   **Supply Chain Transparency:** Demanding greater transparency from teams regarding their component suppliers, potentially requiring them to disclose the manufacturing processes used for key parts.

*   **Risk Mitigation:** The FIA recognizes that a key element of F1’s appeal is technological competition. Any response needs to be proportionate and focus on preventing deliberate cost manipulation, not stifling innovation.

*   **Long-Term Strategic Consideration:** The rules will always be a moving target. The FIA must maintain a flexible and proactive approach, continuously assessing emerging technological trends and adjusting the Cost Cap framework accordingly. The key is to balance control with the spirit of the competition.",Low,3,
Article 2.3,https://www.fia.com/sites/default/files/fia_2025_formula_1_sporting_regulations_-_issue_1_-_2024-07-31.pdf,"Okay, here’s an analysis of the FIA rule excerpt focusing on a potential technical loophole, its rating, and a likely FIA response in 2026:

*   **Technical Loophole:** The rule allows for ""reconnaissance laps"" via driving down the pit lane at reduced speed. A team could theoretically design a car with a significantly enhanced pit lane speed and downforce profile specifically optimized for this slow-speed driving.  They could then utilise this lap as a strategic element, effectively 'banking' an element without triggering a grid penalty, particularly if a driver had used their allotted number of elements earlier in the race.

*   **Usefulness Rating:** High - This presents a genuinely exploitable advantage. The value isn't huge (just one element), but the ability to strategically deploy it, particularly in a chaotic race, offers a tangible advantage. 

*   **FIA Response in 2026:** The FIA would almost certainly introduce a specific, targeted rule clarification during the off-season. Expect something along the lines of: “The FIA will scrutinize pit lane reconnaissance laps.  The use of aerodynamic elements or significant tuning focused solely on pit lane speed and performance will be deemed a violation of the RNC usage rules. Drivers will be required to demonstrate a reasonable rationale for using the pit lane for reconnaissance, and any excessive or clearly exploitative tuning will result in a grid penalty.” 

*   **Likely Implementation in 2026:** The FIA will likely introduce telemetry monitoring during this time.  They'll be looking for cars showing significant aerodynamic changes (e.g., increased downforce, altered ride height) solely within the pit lane. 

*   **Justification for Change:** The FIA will be looking to maintain control over RNC usage to prevent teams from finding overly complex and strategically focused loopholes that undermine the sporting intent of the regulations. It's about preserving the core strategic element of RNC deployment, rather than allowing a specialized, almost pointless, exploitation of the rule. 


Do you want me to explore this loophole further, such as examining potential car design elements that would be most vulnerable to this scrutiny or consider the competitive implications?",Low,3,
Article 2.4,https://www.fia.com/sites/default/files/fia_2025_formula_1_sporting_regulations_-_issue_1_-_2024-07-31.pdf,"Okay, here’s an analysis of the provided FIA rule excerpt, broken down into five bullet points, focusing on a realistic loophole, usefulness rating, and potential FIA response in 2026:

*   **Technical Loophole:** Teams could exploit the ""reconnaissance lap"" rule to subtly manipulate tire degradation. They could execute multiple, slow reconnaissance laps *after* a pit stop, carefully monitoring tire temperatures and wear patterns. This wouldn’t be a blatant tire change, but a strategic data collection period, essentially using the lap to test and refine their tire strategy for the race.

*   **Usefulness Rating:** High 
    *   This loophole is high because it directly leverages a seemingly innocuous rule (reconnaissance laps) for a significant strategic advantage – optimizing tire performance, potentially gaining a small but measurable pace advantage. It’s not easily detectable by officials.

*   **FIA Action in 2026 (Likely Response):**
    *   The FIA will almost certainly introduce stricter guidelines on reconnaissance lap execution. This will likely include:
        *   **Mandatory Reporting:** Teams will be required to report the *purpose* of any reconnaissance lap to the race control.
        *   **Telemetry Restrictions:** Increased scrutiny of telemetry data generated during these laps – requiring clear evidence the lap served a strategic function beyond simple tire assessment.
        *   **Limited Lap Count:** A maximum number of reconnaissance laps allowed per race (e.g., one or two) would be enforced.

*   **Rationale for FIA Action:** The FIA will prioritize preventing strategic manipulation over perceived ""minor"" rule bending.  They’ll view this tactic as a deliberate attempt to gain an advantage by exploiting a rule designed for driver comfort and safety (reconnaissance after a stop).

*   **Potential Escalation:** Should teams continue to push this tactic, the FIA could implement further restrictions, potentially including requiring a specific “reconnaissance lap” driver – someone specifically tasked with data collection, removing it from the primary race driver’s responsibilities.



Do you want me to explore another aspect of this rule excerpt, or perhaps analyze a different FIA rule?",Low,3,
Article 3.1,https://www.fia.com/sites/default/files/fia_2025_formula_1_sporting_regulations_-_issue_1_-_2024-07-31.pdf,"Okay, here’s an analysis of the FIA regulation excerpt, focusing on a potential loophole and potential FIA response:

*   **Technical Loophole:** The excerpt’s focus on “persons concerned by his entry” and the responsibility for ""use up to a maximum number of such elements for the entire Championship"" creates an opportunity for sophisticated, outsourced team support. A team could theoretically employ a remote data analyst and engineer, effectively acting as the ""person concerned"" responsible for element management – even if the team principal isn't physically present. This analyst could strategically advise on element usage across multiple races, potentially pushing the boundaries of allowable usage without direct team leadership oversight.

*   **Usefulness Rating:** High – This isn't a simple, obvious loophole. It requires a significant investment in specialist remote data analysis and a team willing to operate in a gray area. However, the potential reward (exploiting small variances in the regulations) is considerable.

*   **FIA Response (2026):** The FIA is almost certainly going to focus on tightening the definition of “person concerned by his entry”. They will introduce specific requirements for remote data analysts – perhaps necessitating formal agreements outlining responsibilities and demonstrating direct oversight by a designated team leader. It’s likely they'll introduce telemetry monitoring to track activity of remote team members, further restricting actions. 

*   **Risk Mitigation by FIA:** The FIA will likely implement more stringent checks and balances around data analysis and remote operations. Expect increased scrutiny of teams’ data systems and procedures, potentially requiring formal certifications for remote analysts.

*   **Overall Strategy Shift:** Expect the FIA to move away from purely punitive penalties (grid penalties) and towards broader operational restrictions impacting remote team support, aiming to level the playing field and prevent teams from gaining an undue advantage through data-driven element manipulation. 


Do you want me to delve deeper into a specific aspect of this analysis, such as the potential impact on specific teams or further explore the monitoring technologies the FIA might implement?",Low,3,
Article 3.3,https://www.fia.com/sites/default/files/fia_2025_formula_1_sporting_regulations_-_issue_1_-_2024-07-31.pdf,"Okay, here’s a strategic analysis of that FIA rule excerpt, focusing on a potential loophole and the likely FIA response:

*   **Technical Loophole:** The excerpt allows for ""reconnaissance laps"" after a grid penalty is applied. Clever teams could theoretically design a sophisticated, low-power, highly-optimized 'scout car’ – essentially a miniature, heavily shielded Formula 1 car – to be driven down the pitlane after a grid penalty. This scout car wouldn't be subject to the same stringent regulations as the main race car, reducing the impact of the grid penalty and allowing the driver to gather data (wind, track temperature, tire condition) without exposing their primary car to further scrutiny. The team could then seamlessly transition back to the main car.

*   **Usefulness Rating:** High –  The potential benefits (data gathering, mitigating the effect of a grid penalty) are significant, especially for teams with substantial data analysis capabilities.  It’s not a blatant rule-breaking, but a sophisticated application of existing regulations.

*   **FIA Response (2026):** The FIA would almost certainly introduce a dedicated “Reconnaissance Vehicle” (RV) rule. This would mandate a specific, standardized RV design – likely with limitations on power output, telemetry, and aerodynamic features – that all teams *must* use after a grid penalty is applied. This would essentially render the sophisticated, bespoke scout car loophole obsolete. It’s likely they'd also increase scrutiny around telemetry and pitlane procedures during these reconnaissance laps. 

*   **Focus Area for 2026:** The FIA would prioritize strengthening regulations around driver and vehicle telemetry during pitlane activity. They’d likely install more advanced monitoring systems to detect unusual data patterns and ensure drivers aren’t unfairly gathering excessive information. 

*   **Risk Mitigation:** The FIA would likely add language to the regulations explicitly defining what constitutes acceptable reconnaissance activity – emphasizing the purpose is *only* for basic environmental data collection and not for competitive data analysis.



Do you want me to delve deeper into a specific aspect of this analysis, such as the potential impact on tire development or the cost implications of implementing the RV rule?",Low,3,
