Article,URL,Loophole Forecast,Rating,Rating Score
Article 3.7,https://www.fia.com/sites/default/files/2025_international_sporting_code_fr-en_clean_version_21.01.2025.pdf,"Okay, here’s an analysis of the FIA rule excerpt, framed from a regulation strategist's perspective, broken down into five bullet points:

*   **Technical Loophole:** The rule excerpt’s emphasis on the “Organiser’s” ability to make amendments until the start of the competition, coupled with the lack of precise definition of “Organiser” (likely referring to the event promoter/track owner), creates a significant loophole. A team could, theoretically, request minor track adjustments – say, slightly altering the kerb height or a minor section of runoff – *just* before qualifying or a race, arguing it’s a necessary ‘safety amendment’ to optimize performance. This is particularly potent if the track promoter has a vested interest in certain team performance.

*   **Usefulness Rating:** High – The potential impact of this loophole could be substantial. Minor track changes, even seemingly innocuous ones, can dramatically alter grip levels, corner speeds, and overtaking opportunities, giving a team a significant advantage.

*   **FIA Action in 2026 (Addressing the Issue):** The FIA would almost certainly implement a more formalized “Track Modification Request” process in 2026. This would involve: 1) A standardized application form requiring detailed justification, including simulations and data analysis. 2) A panel of FIA experts (technical delegates, safety engineers, race officials) would rigorously evaluate the request – it would no longer be left solely to the event promoter. 3) A clear timeline for review and decision-making.

*   **Risk Mitigation:** The FIA would likely require a 72-hour notification period for any proposed changes. This would allow for a proper assessment and minimize the chance of last-minute, disruptive alterations.

*   **Legal Framework:** The FIA would strengthen the legal framework around “Amendments” to the Sporting Regulations, clarifying that the Organiser's powers are exercised *within* the boundaries of safety, sporting fairness, and adherence to FIA protocols. This would effectively limit the Organiser’s ability to unilaterally introduce changes beneficial to a specific team.

---

Do you want me to delve deeper into a specific aspect of this analysis, such as the potential costs of implementing the FIA's 2026 changes, or explore how this loophole might be exploited in a specific race scenario?",High,1
Article 3.15,https://www.fia.com/system/files/decision-document/2025_chinese_grand_prix_-_infringement_-_atlassian_williams_racing_-_technical_regulations_video_footage.pdf,"Okay, here’s an analysis of the provided FIA regulation excerpt, presented as a strategy briefing for a Formula 1 regulation strategist:

*   **Technical Loophole Identified:** Teams could exploit the language surrounding ""bodywork flexibility"" as outlined in Articles 3.2.2 and 3.15.1. The wording is intentionally broad. Teams could design subtle, non-obvious modifications to chassis geometries – perhaps focusing on increased compliance in specific areas – that *appear* to enhance flexibility without technically violating the stricter limits on overall deformation set within the regulations. The key is a gradual, iterative change, making it difficult for the FIA to immediately identify the problem.

*   **Usefulness Rating:** Medium. This isn't a blatant rule-break, so it’s not “High” risk. However, the incremental nature of the change and the potential for misinterpretation by the FIA's technical delegates means it's not easily caught.

*   **FIA Response in 2026:** The FIA will undoubtedly significantly tighten the definitions and measurement protocols for ""bodywork flexibility"" in the 2026 regulations. Expect:
    *   **More granular measurement points:** Moving beyond simple overall deformation to include measurements at specific, strategically chosen points on the car’s chassis.
    *   **Advanced Simulation Tools:** The FIA will likely invest heavily in more sophisticated computer simulation tools capable of predicting and analyzing the behavior of chassis under load – essentially proactively identifying potential flexibility issues.
    *   **Increased Technical Delegate Authority:**  Granting Technical Delegates more authority to request detailed simulations and non-destructive testing on competitor chassis.

*   **Likelihood of Exploitation:** High. Given the pressure on teams to gain even marginal performance advantages, this type of subtle manipulation will almost certainly be explored.

*   **Strategic Implications:** Teams will need to factor in the increased scrutiny of chassis geometry into their design philosophies – potentially leading to more conservative, “safer” designs to avoid attracting the FIA's attention.  This will impact innovation within the sport.



Do you want me to explore a specific aspect of this further (e.g., potential testing methods, specific design changes, or how this fits into the broader regulatory landscape)?",Medium,2
Article 4.3,https://www.fia.com/sites/default/files/fia_2023_formula_1_technical_regulations_-_issue_5_-_2023-02-22.pdf,"Okay, here’s an analysis of a potential loophole within that FIA rule excerpt, presented in the requested format:

*   **Loophole:** Utilizing Extremely Thin Suspension Members. The rule focuses on axis dimensions and mass distribution. A team could theoretically design suspension components with incredibly thin, almost undetectable, major axes (within the 5mm limit) *while* simultaneously maintaining a very low overall mass at the axles. The FIA’s mass checks would then be challenged by a minimal mass reading, effectively masking a compromised weight distribution.

*   **Usefulness Rating:** High – This exploits a fundamental measurement challenge. The FIA relies on relatively simple axis measurements and mass scales.  A subtle, well-executed design change could throw off the checks.

*   **FIA Action in 2026:** The FIA would almost certainly implement more sophisticated mass measurement technology. Specifically, this would likely involve:
    *   **3D Laser Scanning:** Moving beyond basic axis measurements, the FIA would deploy 3D laser scanning of the entire car, including suspension components, to create a precise digital model for mass and centre of gravity analysis.
    *   **Dynamic Mass Measurement:** Introducing a dynamic mass measurement system that assesses the car’s mass under simulated driving conditions, accounting for suspension travel and dynamic loads. 

*   **Risk Mitigation:** The 2026 regulations already aim for greater component standardization, and tighter control over mass distribution. A key objective will be to better define the acceptable tolerances of complex parts.

*   **Further Considerations:** The FIA would likely also increase the number of post-session checks and increase the frequency of visual inspections, focusing on the geometry and construction of suspension components. They'll also reinforce the importance of accurate documentation and traceability of all materials used in the design.",Low,3
Article 5.1,https://www.fia.com/sites/default/files/fia_2025_formula_1_sporting_regulations_-_issue_1_-_2024-07-31.pdf,"Okay, here’s an analysis of the FIA rule excerpt, focusing on a potential loophole and a likely FIA response by 2026, presented in five bullet points:

*   **Technical Loophole:** Teams could exploit the “reconnaissance lap” rule to effectively gain a ‘virtual’ extra element penalty. By meticulously planning and executing multiple, slow reconnaissance laps between sprint sessions, a driver could accumulate a significant number of “elements” without directly triggering the grid penalty at the initial competition. The key is consistently returning to the pit lane and driving slowly to achieve this. 

    *   **Usefulness Rating:** High – The strategy is relatively simple to execute and doesn't require massive technical innovation. The slow speed requirement also offers a layer of plausible deniability.

*   **FIA Response (2026):** The FIA will almost certainly introduce a stricter, more granular tracking system for “reconnaissance lap” activity. This will likely involve telemetry data – specifically monitoring vehicle speed, pit lane entry/exit times, and pit stop durations – to identify and penalize drivers consistently engaging in this tactic. 

    *   **Usefulness Rating:** Medium – Implementing a robust data tracking system is technically feasible and a standard FIA response to rule exploitation. However, it requires significant investment in data analysis and potentially impacts the privacy of driver data.

*   **Specific Rule Change Focus:** The FIA will focus on defining a “reasonable” duration for a reconnaissance lap – likely setting a maximum time threshold (e.g., 30-60 seconds) and implementing an automatic penalty if this is exceeded.

*   **Increased Scrutiny:** Beyond telemetry, the FIA will increase the scrutiny of pit lane procedures and pit stop timings, looking for patterns indicative of deliberate reconnaissance lap attempts. 

*   **Potential for Driver Disqualification:** For repeated and blatant manipulation of the reconnaissance lap rule, the FIA could issue a formal warning or, in severe cases, impose a race-long penalty or even disqualification.


Do you want me to delve deeper into a specific aspect of this analysis, such as the potential impact of the rule change on team strategy, or the ethical considerations surrounding data tracking in motorsport?",Low,3
